,fips,country,state,county,level,lat,locationId,long,population,metrics,riskLevels,actuals,lastUpdatedDate,url
1983,36001,USA,NY,Albany County,county,0.0,iso1:us#iso2:us-ny#fips:36001,0.0,305506,"{'testPositivityRatio': 0.10543813820945101, 'testPositivityRatioDetails': {'source': 'Valorum'}, 'caseDensity': 83.04723498533113, 'contactTracerCapacityRatio': None, 'infectionRate': 1.09785755723, 'infectionRateCI90': 0.099999999999999, 'icuHeadroomRatio': 0.24943396226415102, 'icuHeadroomDetails': {'currentIcuCovid': 15, 'currentIcuCovidMethod': 'estimated', 'currentIcuNonCovid': 56, 'currentIcuNonCovidMethod': 'estimated_from_typical_utilization'}, 'icuCapacityRatio': None}","{'overall': 5, 'testPositivityRatio': 2, 'caseDensity': 5, 'contactTracerCapacityRatio': 4, 'infectionRate': 1, 'icuHeadroomRatio': 0, 'icuCapacityRatio': 4}","{'cases': 12405, 'deaths': 212, 'positiveTests': 12405, 'negativeTests': 332629, 'contactTracers': None, 'hospitalBeds': {'capacity': 1629, 'currentUsageTotal': None, 'currentUsageCovid': None, 'typicalUsageRate': 0.77}, 'icuBeds': {'capacity': 120, 'currentUsageTotal': None, 'currentUsageCovid': None, 'typicalUsageRate': 0.68}, 'newCases': 206}",2021-01-04,https://covidactnow.org/us/new_york-ny/county/albany_county
1984,36003,USA,NY,Allegany County,county,0.0,iso1:us#iso2:us-ny#fips:36003,0.0,46091,"{'testPositivityRatio': 0.119512195121951, 'testPositivityRatioDetails': {'source': 'Valorum'}, 'caseDensity': 60.749387082076765, 'contactTracerCapacityRatio': None, 'infectionRate': 1.036194196329999, 'infectionRateCI90': 0.29621323777, 'icuHeadroomRatio': 0.7626923076923071, 'icuHeadroomDetails': {'currentIcuCovid': 3, 'currentIcuCovidMethod': 'estimated', 'currentIcuNonCovid': 1, 'currentIcuNonCovidMethod': 'estimated_from_typical_utilization'}, 'icuCapacityRatio': None}","{'overall': 3, 'testPositivityRatio': 2, 'caseDensity': 3, 'contactTracerCapacityRatio': 4, 'infectionRate': 1, 'icuHeadroomRatio': 3, 'icuCapacityRatio': 4}","{'cases': 1927, 'deaths': 73, 'positiveTests': 1927, 'negativeTests': 48341, 'contactTracers': None, 'hospitalBeds': {'capacity': 69, 'currentUsageTotal': None, 'currentUsageCovid': None, 'typicalUsageRate': 0.39}, 'icuBeds': {'capacity': 6, 'currentUsageTotal': None, 'currentUsageCovid': None, 'typicalUsageRate': 0.43}, 'newCases': 33}",2021-01-04,https://covidactnow.org/us/new_york-ny/county/allegany_county
1985,36005,USA,NY,Bronx County,county,0.0,iso1:us#iso2:us-ny#fips:36005,0.0,1418207,"{'testPositivityRatio': 0.06922976671445301, 'testPositivityRatioDetails': {'source': 'Valorum'}, 'caseDensity': 51.423079584694925, 'contactTracerCapacityRatio': None, 'infectionRate': 1.07754520706, 'infectionRateCI90': 0.1, 'icuHeadroomRatio': 0.40881824712643605, 'icuHeadroomDetails': {'currentIcuCovid': 56, 'currentIcuCovidMethod': 'estimated', 'currentIcuNonCovid': 92, 'currentIcuNonCovidMethod': 'estimated_from_typical_utilization'}, 'icuCapacityRatio': None}","{'overall': 3, 'testPositivityRatio': 1, 'caseDensity': 3, 'contactTracerCapacityRatio': 4, 'infectionRate': 1, 'icuHeadroomRatio': 0, 'icuCapacityRatio': 4}","{'cases': 82992, 'deaths': 5137, 'positiveTests': 85646, 'negativeTests': 1578616, 'contactTracers': None, 'hospitalBeds': {'capacity': 4137, 'currentUsageTotal': None, 'currentUsageCovid': None, 'typicalUsageRate': 0.84}, 'icuBeds': {'capacity': 232, 'currentUsageTotal': None, 'currentUsageCovid': None, 'typicalUsageRate': 0.61}, 'newCases': 1110}",2021-01-04,0
1986,36007,USA,NY,Broome County,county,0.0,iso1:us#iso2:us-ny#fips:36007,0.0,190488,"{'testPositivityRatio': 0.089580746824563, 'testPositivityRatioDetails': {'source': 'Valorum'}, 'caseDensity': 70.34563857040864, 'contactTracerCapacityRatio': None, 'infectionRate': 1.16488287424, 'infectionRateCI90': 0.14283840687000002, 'icuHeadroomRatio': 0.46254373522458603, 'icuHeadroomDetails': {'currentIcuCovid': 9, 'currentIcuCovidMethod': 'estimated', 'currentIcuNonCovid': 25, 'currentIcuNonCovidMethod': 'estimated_from_typical_utilization'}, 'icuCapacityRatio': None}","{'overall': 3, 'testPositivityRatio': 1, 'caseDensity': 3, 'contactTracerCapacityRatio': 4, 'infectionRate': 2, 'icuHeadroomRatio': 0, 'icuCapacityRatio': 4}","{'cases': 8601, 'deaths': 210, 'positiveTests': 8601, 'negativeTests': 270148, 'contactTracers': None, 'hospitalBeds': {'capacity': 1006, 'currentUsageTotal': None, 'currentUsageCovid': None, 'typicalUsageRate': 0.65}, 'icuBeds': {'capacity': 47, 'currentUsageTotal': None, 'currentUsageCovid': None, 'typicalUsageRate': 0.76}, 'newCases': 114}",2021-01-04,https://covidactnow.org/us/new_york-ny/county/broome_county
1987,36009,USA,NY,Cattaraugus County,county,0.0,iso1:us#iso2:us-ny#fips:36009,0.0,76117,"{'testPositivityRatio': 0.10235580828594601, 'testPositivityRatioDetails': {'source': 'Valorum'}, 'caseDensity': 70.94341605685983, 'contactTracerCapacityRatio': None, 'infectionRate': 1.08261860196, 'infectionRateCI90': 0.23142698480999901, 'icuHeadroomRatio': None, 'icuHeadroomDetails': {'currentIcuCovid': 5, 'currentIcuCovidMethod': 'estimated', 'currentIcuNonCovid': 0, 'currentIcuNonCovidMethod': 'estimated_from_typical_utilization'}, 'icuCapacityRatio': None}","{'overall': 3, 'testPositivityRatio': 2, 'caseDensity': 3, 'contactTracerCapacityRatio': 4, 'infectionRate': 1, 'icuHeadroomRatio': 4, 'icuCapacityRatio': 4}","{'cases': 2667, 'deaths': 45, 'positiveTests': 2667, 'negativeTests': 77281, 'contactTracers': None, 'hospitalBeds': {'capacity': 260, 'currentUsageTotal': None, 'currentUsageCovid': None, 'typicalUsageRate': 0.43}, 'icuBeds': {'capacity': 0, 'currentUsageTotal': None, 'currentUsageCovid': None, 'typicalUsageRate': None}, 'newCases': 37}",2021-01-04,https://covidactnow.org/us/new_york-ny/county/cattaraugus_county
1988,36011,USA,NY,Cayuga County,county,0.0,iso1:us#iso2:us-ny#fips:36011,0.0,76576,"{'testPositivityRatio': 0.12486525332375101, 'testPositivityRatioDetails': {'source': 'Valorum'}, 'caseDensity': 129.65643842158678, 'contactTracerCapacityRatio': None, 'infectionRate': 1.11932771468, 'infectionRateCI90': 0.163412878849999, 'icuHeadroomRatio': 0.677422360248447, 'icuHeadroomDetails': {'currentIcuCovid': 4, 'currentIcuCovidMethod': 'estimated', 'currentIcuNonCovid': 7, 'currentIcuNonCovidMethod': 'estimated_from_typical_utilization'}, 'icuCapacityRatio': None}","{'overall': 5, 'testPositivityRatio': 2, 'caseDensity': 5, 'contactTracerCapacityRatio': 4, 'infectionRate': 2, 'icuHeadroomRatio': 2, 'icuCapacityRatio': 4}","{'cases': 3166, 'deaths': 27, 'positiveTests': 3166, 'negativeTests': 93676, 'contactTracers': None, 'hospitalBeds': {'capacity': 99, 'currentUsageTotal': None, 'currentUsageCovid': None, 'typicalUsageRate': 0.58}, 'icuBeds': {'capacity': 14, 'currentUsageTotal': None, 'currentUsageCovid': None, 'typicalUsageRate': None}, 'newCases': 94}",2021-01-04,https://covidactnow.org/us/new_york-ny/county/cayuga_county
1989,36013,USA,NY,Chautauqua County,county,0.0,iso1:us#iso2:us-ny#fips:36013,0.0,126903,"{'testPositivityRatio': 0.108348134991119, 'testPositivityRatioDetails': {'source': 'Valorum'}, 'caseDensity': 68.66887082484821, 'contactTracerCapacityRatio': None, 'infectionRate': 1.0981654668, 'infectionRateCI90': 0.182608636499999, 'icuHeadroomRatio': 0.25766116941529205, 'icuHeadroomDetails': {'currentIcuCovid': 5, 'currentIcuCovidMethod': 'estimated', 'currentIcuNonCovid': 8, 'currentIcuNonCovidMethod': 'estimated_from_typical_utilization'}, 'icuCapacityRatio': None}","{'overall': 3, 'testPositivityRatio': 2, 'caseDensity': 3, 'contactTracerCapacityRatio': 4, 'infectionRate': 1, 'icuHeadroomRatio': 0, 'icuCapacityRatio': 4}","{'cases': 3785, 'deaths': 25, 'positiveTests': 3785, 'negativeTests': 130926, 'contactTracers': None, 'hospitalBeds': {'capacity': 441, 'currentUsageTotal': None, 'currentUsageCovid': None, 'typicalUsageRate': 0.44}, 'icuBeds': {'capacity': 29, 'currentUsageTotal': None, 'currentUsageCovid': None, 'typicalUsageRate': 0.52}, 'newCases': 64}",2021-01-04,https://covidactnow.org/us/new_york-ny/county/chautauqua_county
1990,36015,USA,NY,Chemung County,county,0.0,iso1:us#iso2:us-ny#fips:36015,0.0,83456,"{'testPositivityRatio': 0.07608909915237501, 'testPositivityRatioDetails': {'source': 'Valorum'}, 'caseDensity': 66.07416739702016, 'contactTracerCapacityRatio': None, 'infectionRate': 1.05895592184, 'infectionRateCI90': 0.220022525189999, 'icuHeadroomRatio': 0.7686046511627911, 'icuHeadroomDetails': {'currentIcuCovid': 6, 'currentIcuCovidMethod': 'estimated', 'currentIcuNonCovid': 11, 'currentIcuNonCovidMethod': 'estimated_from_typical_utilization'}, 'icuCapacityRatio': None}","{'overall': 3, 'testPositivityRatio': 1, 'caseDensity': 3, 'contactTracerCapacityRatio': 4, 'infectionRate': 1, 'icuHeadroomRatio': 3, 'icuCapacityRatio': 4}","{'cases': 4685, 'deaths': 97, 'positiveTests': 4685, 'negativeTests': 118613, 'contactTracers': None, 'hospitalBeds': {'capacity': 471, 'currentUsageTotal': None, 'currentUsageCovid': None, 'typicalUsageRate': 0.62}, 'icuBeds': {'capacity': 20, 'currentUsageTotal': None, 'currentUsageCovid': None, 'typicalUsageRate': 0.78}, 'newCases': 56}",2021-01-04,https://covidactnow.org/us/new_york-ny/county/chemung_county
1991,36017,USA,NY,Chenango County,county,0.0,iso1:us#iso2:us-ny#fips:36017,0.0,47207,"{'testPositivityRatio': 0.084003574620196, 'testPositivityRatioDetails': {'source': 'Valorum'}, 'caseDensity': 56.892288976513775, 'contactTracerCapacityRatio': None, 'infectionRate': 1.113927512549999, 'infectionRateCI90': 0.34714059974, 'icuHeadroomRatio': 0.23607142857142802, 'icuHeadroomDetails': {'currentIcuCovid': 1, 'currentIcuCovidMethod': 'estimated', 'currentIcuNonCovid': 0, 'currentIcuNonCovidMethod': 'estimated_from_typical_utilization'}, 'icuCapacityRatio': None}","{'overall': 3, 'testPositivityRatio': 1, 'caseDensity': 3, 'contactTracerCapacityRatio': 4, 'infectionRate': 2, 'icuHeadroomRatio': 0, 'icuCapacityRatio': 4}","{'cases': 1296, 'deaths': 23, 'positiveTests': 1296, 'negativeTests': 55350, 'contactTracers': None, 'hospitalBeds': {'capacity': 58, 'currentUsageTotal': None, 'currentUsageCovid': None, 'typicalUsageRate': 0.19}, 'icuBeds': {'capacity': 7, 'currentUsageTotal': None, 'currentUsageCovid': None, 'typicalUsageRate': 0.17}, 'newCases': 21}",2021-01-04,https://covidactnow.org/us/new_york-ny/county/chenango_county
1992,36019,USA,NY,Clinton County,county,0.0,iso1:us#iso2:us-ny#fips:36019,0.0,80485,"{'testPositivityRatio': 0.074605789597552, 'testPositivityRatioDetails': {'source': 'Valorum'}, 'caseDensity': 56.26603004996495, 'contactTracerCapacityRatio': None, 'infectionRate': 1.302127639279999, 'infectionRateCI90': 0.30062802352, 'icuHeadroomRatio': 0.076771196283391, 'icuHeadroomDetails': {'currentIcuCovid': 1, 'currentIcuCovidMethod': 'estimated', 'currentIcuNonCovid': 3, 'currentIcuNonCovidMethod': 'estimated_from_typical_utilization'}, 'icuCapacityRatio': None}","{'overall': 3, 'testPositivityRatio': 1, 'caseDensity': 3, 'contactTracerCapacityRatio': 4, 'infectionRate': 2, 'icuHeadroomRatio': 0, 'icuCapacityRatio': 4}","{'cases': 1268, 'deaths': 8, 'positiveTests': 1268, 'negativeTests': 79960, 'contactTracers': None, 'hospitalBeds': {'capacity': 300, 'currentUsageTotal': None, 'currentUsageCovid': None, 'typicalUsageRate': 0.45}, 'icuBeds': {'capacity': 21, 'currentUsageTotal': None, 'currentUsageCovid': None, 'typicalUsageRate': 0.39}, 'newCases': 58}",2021-01-04,https://covidactnow.org/us/new_york-ny/county/clinton_county
1993,36021,USA,NY,Columbia County,county,0.0,iso1:us#iso2:us-ny#fips:36021,0.0,59461,"{'testPositivityRatio': 0.07248120300751801, 'testPositivityRatioDetails': {'source': 'Valorum'}, 'caseDensity': 57.90109723780534, 'contactTracerCapacityRatio': None, 'infectionRate': 1.17965569112, 'infectionRateCI90': 0.29512684842000003, 'icuHeadroomRatio': 0.248581196581196, 'icuHeadroomDetails': {'currentIcuCovid': 1, 'currentIcuCovidMethod': 'estimated', 'currentIcuNonCovid': 3, 'currentIcuNonCovidMethod': 'estimated_from_typical_utilization'}, 'icuCapacityRatio': None}","{'overall': 3, 'testPositivityRatio': 1, 'caseDensity': 3, 'contactTracerCapacityRatio': 4, 'infectionRate': 2, 'icuHeadroomRatio': 0, 'icuCapacityRatio': 4}","{'cases': 1753, 'deaths': 61, 'positiveTests': 1753, 'negativeTests': 68431, 'contactTracers': None, 'hospitalBeds': {'capacity': 192, 'currentUsageTotal': None, 'currentUsageCovid': None, 'typicalUsageRate': 0.67}, 'icuBeds': {'capacity': 9, 'currentUsageTotal': None, 'currentUsageCovid': None, 'typicalUsageRate': 0.56}, 'newCases': 37}",2021-01-04,https://covidactnow.org/us/new_york-ny/county/columbia_county
1994,36023,USA,NY,Cortland County,county,0.0,iso1:us#iso2:us-ny#fips:36023,0.0,47581,"{'testPositivityRatio': 0.098334010564811, 'testPositivityRatioDetails': {'source': 'Valorum'}, 'caseDensity': 72.65805378497419, 'contactTracerCapacityRatio': None, 'infectionRate': 1.00373859511, 'infectionRateCI90': 0.2561834571, 'icuHeadroomRatio': 0.447552083333333, 'icuHeadroomDetails': {'currentIcuCovid': 3, 'currentIcuCovidMethod': 'estimated', 'currentIcuNonCovid': 4, 'currentIcuNonCovidMethod': 'estimated_from_typical_utilization'}, 'icuCapacityRatio': None}","{'overall': 3, 'testPositivityRatio': 1, 'caseDensity': 3, 'contactTracerCapacityRatio': 4, 'infectionRate': 1, 'icuHeadroomRatio': 0, 'icuCapacityRatio': 4}","{'cases': 2183, 'deaths': 38, 'positiveTests': 2183, 'negativeTests': 73405, 'contactTracers': None, 'hospitalBeds': {'capacity': 162, 'currentUsageTotal': None, 'currentUsageCovid': None, 'typicalUsageRate': 0.32}, 'icuBeds': {'capacity': 12, 'currentUsageTotal': None, 'currentUsageCovid': None, 'typicalUsageRate': 0.5700000000000001}, 'newCases': 22}",2021-01-04,https://covidactnow.org/us/new_york-ny/county/cortland_county
1995,36025,USA,NY,Delaware County,county,0.0,iso1:us#iso2:us-ny#fips:36025,0.0,44135,"{'testPositivityRatio': 0.056582633053221004, 'testPositivityRatioDetails': {'source': 'Valorum'}, 'caseDensity': 32.691903089546685, 'contactTracerCapacityRatio': None, 'infectionRate': 1.01283862526, 'infectionRateCI90': 0.47929925166999904, 'icuHeadroomRatio': None, 'icuHeadroomDetails': {'currentIcuCovid': 1, 'currentIcuCovidMethod': 'estimated', 'currentIcuNonCovid': 0, 'currentIcuNonCovidMethod': 'estimated_from_typical_utilization'}, 'icuCapacityRatio': None}","{'overall': 3, 'testPositivityRatio': 1, 'caseDensity': 3, 'contactTracerCapacityRatio': 4, 'infectionRate': 1, 'icuHeadroomRatio': 4, 'icuCapacityRatio': 4}","{'cases': 750, 'deaths': 12, 'positiveTests': 750, 'negativeTests': 44771, 'contactTracers': None, 'hospitalBeds': {'capacity': 67, 'currentUsageTotal': None, 'currentUsageCovid': None, 'typicalUsageRate': 0.36}, 'icuBeds': {'capacity': 0, 'currentUsageTotal': None, 'currentUsageCovid': None, 'typicalUsageRate': None}, 'newCases': 14}",2021-01-04,https://covidactnow.org/us/new_york-ny/county/delaware_county
1996,36027,USA,NY,Dutchess County,county,0.0,iso1:us#iso2:us-ny#fips:36027,0.0,294218,"{'testPositivityRatio': 0.080759254892713, 'testPositivityRatioDetails': {'source': 'Valorum'}, 'caseDensity': 66.5201604641068, 'contactTracerCapacityRatio': None, 'infectionRate': 1.06997971282, 'infectionRateCI90': 0.10985378787999901, 'icuHeadroomRatio': 0.46131605184446606, 'icuHeadroomDetails': {'currentIcuCovid': 13, 'currentIcuCovidMethod': 'estimated', 'currentIcuNonCovid': 20, 'currentIcuNonCovidMethod': 'estimated_from_typical_utilization'}, 'icuCapacityRatio': None}","{'overall': 3, 'testPositivityRatio': 1, 'caseDensity': 3, 'contactTracerCapacityRatio': 4, 'infectionRate': 1, 'icuHeadroomRatio': 0, 'icuCapacityRatio': 4}","{'cases': 12797, 'deaths': 243, 'positiveTests': 12797, 'negativeTests': 359999, 'contactTracers': None, 'hospitalBeds': {'capacity': 692, 'currentUsageTotal': None, 'currentUsageCovid': None, 'typicalUsageRate': 0.67}, 'icuBeds': {'capacity': 51, 'currentUsageTotal': None, 'currentUsageCovid': None, 'typicalUsageRate': 0.62}, 'newCases': 196}",2021-01-04,https://covidactnow.org/us/new_york-ny/county/dutchess_county
1997,36029,USA,NY,Erie County,county,0.0,iso1:us#iso2:us-ny#fips:36029,0.0,918702,"{'testPositivityRatio': 0.073545413812968, 'testPositivityRatioDetails': {'source': 'Valorum'}, 'caseDensity': 53.60046798946464, 'contactTracerCapacityRatio': None, 'infectionRate': 0.989715203292, 'infectionRateCI90': 0.09999999999799901, 'icuHeadroomRatio': 0.536963429256594, 'icuHeadroomDetails': {'currentIcuCovid': 71, 'currentIcuCovidMethod': 'estimated', 'currentIcuNonCovid': 144, 'currentIcuNonCovidMethod': 'estimated_from_typical_utilization'}, 'icuCapacityRatio': None}","{'overall': 3, 'testPositivityRatio': 1, 'caseDensity': 3, 'contactTracerCapacityRatio': 4, 'infectionRate': 1, 'icuHeadroomRatio': 1, 'icuCapacityRatio': 4}","{'cases': 42933, 'deaths': 1229, 'positiveTests': 42933, 'negativeTests': 996791, 'contactTracers': None, 'hospitalBeds': {'capacity': 3590, 'currentUsageTotal': None, 'currentUsageCovid': None, 'typicalUsageRate': 0.71}, 'icuBeds': {'capacity': 278, 'currentUsageTotal': None, 'currentUsageCovid': None, 'typicalUsageRate': 0.73}, 'newCases': 468}",2021-01-04,https://covidactnow.org/us/new_york-ny/county/erie_county
1998,36031,USA,NY,Essex County,county,0.0,iso1:us#iso2:us-ny#fips:36031,0.0,36885,"{'testPositivityRatio': 0.06513409961685801, 'testPositivityRatioDetails': {'source': 'Valorum'}, 'caseDensity': 46.08919615019656, 'contactTracerCapacityRatio': None, 'infectionRate': 1.11898963932, 'infectionRateCI90': 0.45226077540999904, 'icuHeadroomRatio': None, 'icuHeadroomDetails': {'currentIcuCovid': 0, 'currentIcuCovidMethod': 'estimated', 'currentIcuNonCovid': 0, 'currentIcuNonCovidMethod': 'estimated_from_typical_utilization'}, 'icuCapacityRatio': None}","{'overall': 3, 'testPositivityRatio': 1, 'caseDensity': 3, 'contactTracerCapacityRatio': 4, 'infectionRate': 2, 'icuHeadroomRatio': 4, 'icuCapacityRatio': 4}","{'cases': 650, 'deaths': 16, 'positiveTests': 642, 'negativeTests': 37980, 'contactTracers': None, 'hospitalBeds': {'capacity': 40, 'currentUsageTotal': None, 'currentUsageCovid': None, 'typicalUsageRate': 0.49}, 'icuBeds': {'capacity': 0, 'currentUsageTotal': None, 'currentUsageCovid': None, 'typicalUsageRate': None}, 'newCases': 23}",2021-01-04,https://covidactnow.org/us/new_york-ny/county/essex_county
1999,36033,USA,NY,Franklin County,county,0.0,iso1:us#iso2:us-ny#fips:36033,0.0,50022,"{'testPositivityRatio': 0.06019522776572601, 'testPositivityRatioDetails': {'source': 'Valorum'}, 'caseDensity': 31.700337565756783, 'contactTracerCapacityRatio': None, 'infectionRate': 0.9183387122840001, 'infectionRateCI90': 0.377141123055999, 'icuHeadroomRatio': 0.09841191066997501, 'icuHeadroomDetails': {'currentIcuCovid': 1, 'currentIcuCovidMethod': 'estimated', 'currentIcuNonCovid': 0, 'currentIcuNonCovidMethod': 'estimated_from_typical_utilization'}, 'icuCapacityRatio': None}","{'overall': 3, 'testPositivityRatio': 1, 'caseDensity': 3, 'contactTracerCapacityRatio': 4, 'infectionRate': 1, 'icuHeadroomRatio': 0, 'icuCapacityRatio': 4}","{'cases': 810, 'deaths': 9, 'positiveTests': 810, 'negativeTests': 47153, 'contactTracers': None, 'hospitalBeds': {'capacity': 171, 'currentUsageTotal': None, 'currentUsageCovid': None, 'typicalUsageRate': 0.28}, 'icuBeds': {'capacity': 13, 'currentUsageTotal': None, 'currentUsageCovid': None, 'typicalUsageRate': 0.28}, 'newCases': 13}",2021-01-04,https://covidactnow.org/us/new_york-ny/county/franklin_county
2000,36035,USA,NY,Fulton County,county,0.0,iso1:us#iso2:us-ny#fips:36035,0.0,53383,"{'testPositivityRatio': 0.071398033347584, 'testPositivityRatioDetails': {'source': 'Valorum'}, 'caseDensity': 44.69052480591735, 'contactTracerCapacityRatio': None, 'infectionRate': 0.924283448289, 'infectionRateCI90': 0.299951423351, 'icuHeadroomRatio': 0.372394366197183, 'icuHeadroomDetails': {'currentIcuCovid': 2, 'currentIcuCovidMethod': 'estimated', 'currentIcuNonCovid': 2, 'currentIcuNonCovidMethod': 'estimated_from_typical_utilization'}, 'icuCapacityRatio': None}","{'overall': 3, 'testPositivityRatio': 1, 'caseDensity': 3, 'contactTracerCapacityRatio': 4, 'infectionRate': 1, 'icuHeadroomRatio': 0, 'icuCapacityRatio': 4}","{'cases': 1381, 'deaths': 37, 'positiveTests': 1381, 'negativeTests': 49188, 'contactTracers': None, 'hospitalBeds': {'capacity': 74, 'currentUsageTotal': None, 'currentUsageCovid': None, 'typicalUsageRate': 0.4}, 'icuBeds': {'capacity': 8, 'currentUsageTotal': None, 'currentUsageCovid': None, 'typicalUsageRate': 0.5}, 'newCases': 38}",2021-01-04,https://covidactnow.org/us/new_york-ny/county/fulton_county
2001,36037,USA,NY,Genesee County,county,0.0,iso1:us#iso2:us-ny#fips:36037,0.0,57280,"{'testPositivityRatio': 0.12301706076025101, 'testPositivityRatioDetails': {'source': 'Valorum'}, 'caseDensity': 102.50399042298484, 'contactTracerCapacityRatio': None, 'infectionRate': 1.06599956149, 'infectionRateCI90': 0.1927038986, 'icuHeadroomRatio': 0.5949, 'icuHeadroomDetails': {'currentIcuCovid': 4, 'currentIcuCovidMethod': 'estimated', 'currentIcuNonCovid': 1, 'currentIcuNonCovidMethod': 'estimated_from_typical_utilization'}, 'icuCapacityRatio': None}","{'overall': 5, 'testPositivityRatio': 2, 'caseDensity': 5, 'contactTracerCapacityRatio': 4, 'infectionRate': 1, 'icuHeadroomRatio': 1, 'icuCapacityRatio': 4}","{'cases': 2866, 'deaths': 56, 'positiveTests': 2866, 'negativeTests': 66820, 'contactTracers': None, 'hospitalBeds': {'capacity': 153, 'currentUsageTotal': None, 'currentUsageCovid': None, 'typicalUsageRate': 0.39}, 'icuBeds': {'capacity': 10, 'currentUsageTotal': None, 'currentUsageCovid': None, 'typicalUsageRate': 0.41000000000000003}, 'newCases': 48}",2021-01-04,https://covidactnow.org/us/new_york-ny/county/genesee_county
2002,36039,USA,NY,Greene County,county,0.0,iso1:us#iso2:us-ny#fips:36039,0.0,47188,"{'testPositivityRatio': 0.12227074235807801, 'testPositivityRatioDetails': {'source': 'Valorum'}, 'caseDensity': 93.2440450962109, 'contactTracerCapacityRatio': None, 'infectionRate': 1.3318087344299991, 'infectionRateCI90': 0.285035623059999, 'icuHeadroomRatio': None, 'icuHeadroomDetails': None, 'icuCapacityRatio': None}","{'overall': 5, 'testPositivityRatio': 2, 'caseDensity': 5, 'contactTracerCapacityRatio': 4, 'infectionRate': 2, 'icuHeadroomRatio': 4, 'icuCapacityRatio': 4}","{'cases': 1462, 'deaths': 27, 'positiveTests': 1462, 'negativeTests': 42116, 'contactTracers': None, 'hospitalBeds': {'capacity': None, 'currentUsageTotal': None, 'currentUsageCovid': None, 'typicalUsageRate': None}, 'icuBeds': {'capacity': None, 'currentUsageTotal': None, 'currentUsageCovid': None, 'typicalUsageRate': None}, 'newCases': 31}",2021-01-04,https://covidactnow.org/us/new_york-ny/county/greene_county
2003,36041,USA,NY,Hamilton County,county,0.0,iso1:us#iso2:us-ny#fips:36041,0.0,4416,"{'testPositivityRatio': 0.058659217877094, 'testPositivityRatioDetails': {'source': 'Valorum'}, 'caseDensity': 67.93478260869566, 'contactTracerCapacityRatio': None, 'infectionRate': None, 'infectionRateCI90': None, 'icuHeadroomRatio': None, 'icuHeadroomDetails': None, 'icuCapacityRatio': None}","{'overall': 3, 'testPositivityRatio': 1, 'caseDensity': 3, 'contactTracerCapacityRatio': 4, 'infectionRate': 4, 'icuHeadroomRatio': 4, 'icuCapacityRatio': 4}","{'cases': 119, 'deaths': 1, 'positiveTests': 119, 'negativeTests': 5720, 'contactTracers': None, 'hospitalBeds': {'capacity': None, 'currentUsageTotal': None, 'currentUsageCovid': None, 'typicalUsageRate': None}, 'icuBeds': {'capacity': None, 'currentUsageTotal': None, 'currentUsageCovid': None, 'typicalUsageRate': None}, 'newCases': 4}",2021-01-04,https://covidactnow.org/us/new_york-ny/county/hamilton_county
2004,36043,USA,NY,Herkimer County,county,0.0,iso1:us#iso2:us-ny#fips:36043,0.0,61319,"{'testPositivityRatio': 0.119027484143763, 'testPositivityRatioDetails': {'source': 'Valorum'}, 'caseDensity': 131.16419287426643, 'contactTracerCapacityRatio': None, 'infectionRate': 1.19506045758, 'infectionRateCI90': 0.18986013841000002, 'icuHeadroomRatio': None, 'icuHeadroomDetails': {'currentIcuCovid': 3, 'currentIcuCovidMethod': 'estimated', 'currentIcuNonCovid': 0, 'currentIcuNonCovidMethod': 'estimated_from_typical_utilization'}, 'icuCapacityRatio': None}","{'overall': 5, 'testPositivityRatio': 2, 'caseDensity': 5, 'contactTracerCapacityRatio': 4, 'infectionRate': 2, 'icuHeadroomRatio': 4, 'icuCapacityRatio': 4}","{'cases': 2407, 'deaths': 30, 'positiveTests': 2407, 'negativeTests': 77410, 'contactTracers': None, 'hospitalBeds': {'capacity': 25, 'currentUsageTotal': None, 'currentUsageCovid': None, 'typicalUsageRate': 0.61}, 'icuBeds': {'capacity': 0, 'currentUsageTotal': None, 'currentUsageCovid': None, 'typicalUsageRate': None}, 'newCases': 80}",2021-01-04,https://covidactnow.org/us/new_york-ny/county/herkimer_county
2005,36045,USA,NY,Jefferson County,county,0.0,iso1:us#iso2:us-ny#fips:36045,0.0,109834,"{'testPositivityRatio': 0.09606986899563301, 'testPositivityRatioDetails': {'source': 'Valorum'}, 'caseDensity': 48.644838054310526, 'contactTracerCapacityRatio': None, 'infectionRate': 1.08957188302, 'infectionRateCI90': 0.22296770364999902, 'icuHeadroomRatio': 0.327227722772277, 'icuHeadroomDetails': {'currentIcuCovid': 3, 'currentIcuCovidMethod': 'estimated', 'currentIcuNonCovid': 0, 'currentIcuNonCovidMethod': 'estimated_from_typical_utilization'}, 'icuCapacityRatio': None}","{'overall': 3, 'testPositivityRatio': 1, 'caseDensity': 3, 'contactTracerCapacityRatio': 4, 'infectionRate': 1, 'icuHeadroomRatio': 0, 'icuCapacityRatio': 4}","{'cases': 1947, 'deaths': 11, 'positiveTests': 1947, 'negativeTests': 77026, 'contactTracers': None, 'hospitalBeds': {'capacity': 339, 'currentUsageTotal': None, 'currentUsageCovid': None, 'typicalUsageRate': 0.43}, 'icuBeds': {'capacity': 10, 'currentUsageTotal': None, 'currentUsageCovid': None, 'typicalUsageRate': 0.2}, 'newCases': 53}",2021-01-04,https://covidactnow.org/us/new_york-ny/county/jefferson_county
2006,36047,USA,NY,Kings County,county,0.0,iso1:us#iso2:us-ny#fips:36047,0.0,2559903,"{'testPositivityRatio': 0.059670835731854006, 'testPositivityRatioDetails': {'source': 'Valorum'}, 'caseDensity': 49.3880320576879, 'contactTracerCapacityRatio': None, 'infectionRate': 1.092442426299999, 'infectionRateCI90': 0.1, 'icuHeadroomRatio': 0.49885778025655303, 'icuHeadroomDetails': {'currentIcuCovid': 89, 'currentIcuCovidMethod': 'estimated', 'currentIcuNonCovid': 146, 'currentIcuNonCovidMethod': 'estimated_from_typical_utilization'}, 'icuCapacityRatio': None}","{'overall': 3, 'testPositivityRatio': 1, 'caseDensity': 3, 'contactTracerCapacityRatio': 4, 'infectionRate': 1, 'icuHeadroomRatio': 0, 'icuCapacityRatio': 4}","{'cases': 121975, 'deaths': 7731, 'positiveTests': 125655, 'negativeTests': 2972482, 'contactTracers': None, 'hospitalBeds': {'capacity': 6050, 'currentUsageTotal': None, 'currentUsageCovid': None, 'typicalUsageRate': 0.77}, 'icuBeds': {'capacity': 326, 'currentUsageTotal': None, 'currentUsageCovid': None, 'typicalUsageRate': 0.66}, 'newCases': 1767}",2021-01-04,0
2007,36049,USA,NY,Lewis County,county,0.0,iso1:us#iso2:us-ny#fips:36049,0.0,26296,"{'testPositivityRatio': 0.13178913738019102, 'testPositivityRatioDetails': {'source': 'Valorum'}, 'caseDensity': 89.63883697683515, 'contactTracerCapacityRatio': None, 'infectionRate': 1.1365352096699999, 'infectionRateCI90': 0.33376818363999905, 'icuHeadroomRatio': 0.261782178217821, 'icuHeadroomDetails': {'currentIcuCovid': 1, 'currentIcuCovidMethod': 'estimated', 'currentIcuNonCovid': 0, 'currentIcuNonCovidMethod': 'estimated_from_typical_utilization'}, 'icuCapacityRatio': None}","{'overall': 5, 'testPositivityRatio': 2, 'caseDensity': 5, 'contactTracerCapacityRatio': 4, 'infectionRate': 2, 'icuHeadroomRatio': 0, 'icuCapacityRatio': 4}","{'cases': 983, 'deaths': 15, 'positiveTests': 983, 'negativeTests': 24003, 'contactTracers': None, 'hospitalBeds': {'capacity': 31, 'currentUsageTotal': None, 'currentUsageCovid': None, 'typicalUsageRate': 0.5}, 'icuBeds': {'capacity': 6, 'currentUsageTotal': None, 'currentUsageCovid': None, 'typicalUsageRate': 0.2}, 'newCases': 19}",2021-01-04,https://covidactnow.org/us/new_york-ny/county/lewis_county
2008,36051,USA,NY,Livingston County,county,0.0,iso1:us#iso2:us-ny#fips:36051,0.0,62914,"{'testPositivityRatio': 0.10719530102790001, 'testPositivityRatioDetails': {'source': 'Valorum'}, 'caseDensity': 66.30366168783691, 'contactTracerCapacityRatio': None, 'infectionRate': 1.02263597543, 'infectionRateCI90': 0.21886754119999902, 'icuHeadroomRatio': None, 'icuHeadroomDetails': {'currentIcuCovid': 2, 'currentIcuCovidMethod': 'estimated', 'currentIcuNonCovid': 0, 'currentIcuNonCovidMethod': 'estimated_from_typical_utilization'}, 'icuCapacityRatio': None}","{'overall': 3, 'testPositivityRatio': 2, 'caseDensity': 3, 'contactTracerCapacityRatio': 4, 'infectionRate': 1, 'icuHeadroomRatio': 4, 'icuCapacityRatio': 4}","{'cases': 2006, 'deaths': 25, 'positiveTests': 2006, 'negativeTests': 71322, 'contactTracers': None, 'hospitalBeds': {'capacity': 67, 'currentUsageTotal': None, 'currentUsageCovid': None, 'typicalUsageRate': 0.33}, 'icuBeds': {'capacity': 0, 'currentUsageTotal': None, 'currentUsageCovid': None, 'typicalUsageRate': None}, 'newCases': 34}",2021-01-04,https://covidactnow.org/us/new_york-ny/county/livingston_county
2009,36053,USA,NY,Madison County,county,0.0,iso1:us#iso2:us-ny#fips:36053,0.0,70941,"{'testPositivityRatio': 0.09499083689676201, 'testPositivityRatioDetails': {'source': 'Valorum'}, 'caseDensity': 62.6274952828004, 'contactTracerCapacityRatio': None, 'infectionRate': 0.986616885116, 'infectionRateCI90': 0.236449120013999, 'icuHeadroomRatio': 0.9356621004566211, 'icuHeadroomDetails': {'currentIcuCovid': 4, 'currentIcuCovidMethod': 'estimated', 'currentIcuNonCovid': 1, 'currentIcuNonCovidMethod': 'estimated_from_typical_utilization'}, 'icuCapacityRatio': None}","{'overall': 3, 'testPositivityRatio': 1, 'caseDensity': 3, 'contactTracerCapacityRatio': 4, 'infectionRate': 1, 'icuHeadroomRatio': 3, 'icuCapacityRatio': 4}","{'cases': 2417, 'deaths': 68, 'positiveTests': 2417, 'negativeTests': 78245, 'contactTracers': None, 'hospitalBeds': {'capacity': 126, 'currentUsageTotal': None, 'currentUsageCovid': None, 'typicalUsageRate': 0.33}, 'icuBeds': {'capacity': 6, 'currentUsageTotal': None, 'currentUsageCovid': None, 'typicalUsageRate': 0.48}, 'newCases': 40}",2021-01-04,https://covidactnow.org/us/new_york-ny/county/madison_county
2010,36055,USA,NY,Monroe County,county,0.0,iso1:us#iso2:us-ny#fips:36055,0.0,741770,"{'testPositivityRatio': 0.10140401953418401, 'testPositivityRatioDetails': {'source': 'Valorum'}, 'caseDensity': 83.17942219286302, 'contactTracerCapacityRatio': None, 'infectionRate': 0.9874415185269991, 'infectionRateCI90': 0.10000000000300001, 'icuHeadroomRatio': 0.7556647904940581, 'icuHeadroomDetails': {'currentIcuCovid': 60, 'currentIcuCovidMethod': 'estimated', 'currentIcuNonCovid': 115, 'currentIcuNonCovidMethod': 'estimated_from_typical_utilization'}, 'icuCapacityRatio': None}","{'overall': 5, 'testPositivityRatio': 2, 'caseDensity': 5, 'contactTracerCapacityRatio': 4, 'infectionRate': 1, 'icuHeadroomRatio': 3, 'icuCapacityRatio': 4}","{'cases': 35779, 'deaths': 593, 'positiveTests': 35778, 'negativeTests': 918784, 'contactTracers': None, 'hospitalBeds': {'capacity': 2239, 'currentUsageTotal': None, 'currentUsageCovid': None, 'typicalUsageRate': 0.9500000000000001}, 'icuBeds': {'capacity': 195, 'currentUsageTotal': None, 'currentUsageCovid': None, 'typicalUsageRate': 0.8}, 'newCases': 564}",2021-01-04,https://covidactnow.org/us/new_york-ny/county/monroe_county
2011,36057,USA,NY,Montgomery County,county,0.0,iso1:us#iso2:us-ny#fips:36057,0.0,49221,"{'testPositivityRatio': 0.12135711178773301, 'testPositivityRatioDetails': {'source': 'Valorum'}, 'caseDensity': 80.97589008175953, 'contactTracerCapacityRatio': None, 'infectionRate': 1.14671029039, 'infectionRateCI90': 0.24897379573999998, 'icuHeadroomRatio': 0.40676923076923005, 'icuHeadroomDetails': {'currentIcuCovid': 2, 'currentIcuCovidMethod': 'estimated', 'currentIcuNonCovid': 2, 'currentIcuNonCovidMethod': 'estimated_from_typical_utilization'}, 'icuCapacityRatio': None}","{'overall': 5, 'testPositivityRatio': 2, 'caseDensity': 5, 'contactTracerCapacityRatio': 4, 'infectionRate': 2, 'icuHeadroomRatio': 0, 'icuCapacityRatio': 4}","{'cases': 1492, 'deaths': 51, 'positiveTests': 1492, 'negativeTests': 53402, 'contactTracers': None, 'hospitalBeds': {'capacity': 130, 'currentUsageTotal': None, 'currentUsageCovid': None, 'typicalUsageRate': 0.64}, 'icuBeds': {'capacity': 8, 'currentUsageTotal': None, 'currentUsageCovid': None, 'typicalUsageRate': 0.56}, 'newCases': 43}",2021-01-04,https://covidactnow.org/us/new_york-ny/county/montgomery_county
2012,36059,USA,NY,Nassau County,county,0.0,iso1:us#iso2:us-ny#fips:36059,0.0,1356924,"{'testPositivityRatio': 0.081045021004994, 'testPositivityRatioDetails': {'source': 'Valorum'}, 'caseDensity': 94.64684199599346, 'contactTracerCapacityRatio': None, 'infectionRate': 1.14659916532, 'infectionRateCI90': 0.1, 'icuHeadroomRatio': 0.478048297213622, 'icuHeadroomDetails': {'currentIcuCovid': 77, 'currentIcuCovidMethod': 'estimated', 'currentIcuNonCovid': 161, 'currentIcuNonCovidMethod': 'estimated_from_typical_utilization'}, 'icuCapacityRatio': None}","{'overall': 5, 'testPositivityRatio': 1, 'caseDensity': 5, 'contactTracerCapacityRatio': 4, 'infectionRate': 2, 'icuHeadroomRatio': 0, 'icuCapacityRatio': 4}","{'cases': 92035, 'deaths': 2420, 'positiveTests': 92035, 'negativeTests': 1868066, 'contactTracers': None, 'hospitalBeds': {'capacity': 4166, 'currentUsageTotal': None, 'currentUsageCovid': None, 'typicalUsageRate': 0.76}, 'icuBeds': {'capacity': 323, 'currentUsageTotal': None, 'currentUsageCovid': None, 'typicalUsageRate': 0.71}, 'newCases': 1166}",2021-01-04,https://covidactnow.org/us/new_york-ny/county/nassau_county
2013,36061,USA,NY,New York County,county,0.0,iso1:us#iso2:us-ny#fips:36061,0.0,1628706,"{'testPositivityRatio': 0.034304383337870004, 'testPositivityRatioDetails': {'source': 'Valorum'}, 'caseDensity': 34.418208600657735, 'contactTracerCapacityRatio': None, 'infectionRate': 1.0079304651, 'infectionRateCI90': 0.1, 'icuHeadroomRatio': 0.083516048258593, 'icuHeadroomDetails': {'currentIcuCovid': 55, 'currentIcuCovidMethod': 'estimated', 'currentIcuNonCovid': 296, 'currentIcuNonCovidMethod': 'estimated_from_typical_utilization'}, 'icuCapacityRatio': None}","{'overall': 3, 'testPositivityRatio': 1, 'caseDensity': 3, 'contactTracerCapacityRatio': 4, 'infectionRate': 1, 'icuHeadroomRatio': 0, 'icuCapacityRatio': 4}","{'cases': 62562, 'deaths': 3338, 'positiveTests': 64458, 'negativeTests': 2575914, 'contactTracers': None, 'hospitalBeds': {'capacity': 13032, 'currentUsageTotal': None, 'currentUsageCovid': None, 'typicalUsageRate': 0.76}, 'icuBeds': {'capacity': 955, 'currentUsageTotal': None, 'currentUsageCovid': None, 'typicalUsageRate': 0.52}, 'newCases': 768}",2021-01-04,https://covidactnow.org/us/new_york-ny/county/bronx_county
2014,36063,USA,NY,Niagara County,county,0.0,iso1:us#iso2:us-ny#fips:36063,0.0,209281,"{'testPositivityRatio': 0.10436972059779001, 'testPositivityRatioDetails': {'source': 'Valorum'}, 'caseDensity': 87.71528641942106, 'contactTracerCapacityRatio': None, 'infectionRate': 1.07077526375, 'infectionRateCI90': 0.12215809533999901, 'icuHeadroomRatio': 0.719839015151515, 'icuHeadroomDetails': {'currentIcuCovid': 15, 'currentIcuCovidMethod': 'estimated', 'currentIcuNonCovid': 10, 'currentIcuNonCovidMethod': 'estimated_from_typical_utilization'}, 'icuCapacityRatio': None}","{'overall': 5, 'testPositivityRatio': 2, 'caseDensity': 5, 'contactTracerCapacityRatio': 4, 'infectionRate': 1, 'icuHeadroomRatio': 3, 'icuCapacityRatio': 4}","{'cases': 9083, 'deaths': 188, 'positiveTests': 9083, 'negativeTests': 219280, 'contactTracers': None, 'hospitalBeds': {'capacity': 553, 'currentUsageTotal': None, 'currentUsageCovid': None, 'typicalUsageRate': 0.54}, 'icuBeds': {'capacity': 32, 'currentUsageTotal': None, 'currentUsageCovid': None, 'typicalUsageRate': 0.55}, 'newCases': 182}",2021-01-04,https://covidactnow.org/us/new_york-ny/county/niagara_county
2015,36065,USA,NY,Oneida County,county,0.0,iso1:us#iso2:us-ny#fips:36065,0.0,228671,"{'testPositivityRatio': 0.10726122326001801, 'testPositivityRatioDetails': {'source': 'Valorum'}, 'caseDensity': 133.44186938564889, 'contactTracerCapacityRatio': None, 'infectionRate': 1.08187214769, 'infectionRateCI90': 0.1, 'icuHeadroomRatio': 0.837050653594771, 'icuHeadroomDetails': {'currentIcuCovid': 20, 'currentIcuCovidMethod': 'estimated', 'currentIcuNonCovid': 26, 'currentIcuNonCovidMethod': 'estimated_from_typical_utilization'}, 'icuCapacityRatio': None}","{'overall': 5, 'testPositivityRatio': 2, 'caseDensity': 5, 'contactTracerCapacityRatio': 4, 'infectionRate': 1, 'icuHeadroomRatio': 3, 'icuCapacityRatio': 4}","{'cases': 12999, 'deaths': 260, 'positiveTests': 12999, 'negativeTests': 376349, 'contactTracers': None, 'hospitalBeds': {'capacity': 975, 'currentUsageTotal': None, 'currentUsageCovid': None, 'typicalUsageRate': 0.6900000000000001}, 'icuBeds': {'capacity': 51, 'currentUsageTotal': None, 'currentUsageCovid': None, 'typicalUsageRate': 0.73}, 'newCases': 274}",2021-01-04,https://covidactnow.org/us/new_york-ny/county/oneida_county
2016,36067,USA,NY,Onondaga County,county,0.0,iso1:us#iso2:us-ny#fips:36067,0.0,460528,"{'testPositivityRatio': 0.08102149549880501, 'testPositivityRatioDetails': {'source': 'Valorum'}, 'caseDensity': 82.07969982281209, 'contactTracerCapacityRatio': None, 'infectionRate': 1.016688748629999, 'infectionRateCI90': 0.1, 'icuHeadroomRatio': 0.5557830551989731, 'icuHeadroomDetails': {'currentIcuCovid': 34, 'currentIcuCovidMethod': 'estimated', 'currentIcuNonCovid': 89, 'currentIcuNonCovidMethod': 'estimated_from_typical_utilization'}, 'icuCapacityRatio': None}","{'overall': 5, 'testPositivityRatio': 1, 'caseDensity': 5, 'contactTracerCapacityRatio': 4, 'infectionRate': 1, 'icuHeadroomRatio': 1, 'icuCapacityRatio': 4}","{'cases': 22213, 'deaths': 439, 'positiveTests': 22213, 'negativeTests': 654554, 'contactTracers': None, 'hospitalBeds': {'capacity': 2114, 'currentUsageTotal': None, 'currentUsageCovid': None, 'typicalUsageRate': 0.68}, 'icuBeds': {'capacity': 152, 'currentUsageTotal': None, 'currentUsageCovid': None, 'typicalUsageRate': 0.8}, 'newCases': 287}",2021-01-04,https://covidactnow.org/us/new_york-ny/county/onondaga_county
2017,36069,USA,NY,Ontario County,county,0.0,iso1:us#iso2:us-ny#fips:36069,0.0,109777,"{'testPositivityRatio': 0.10520922288642101, 'testPositivityRatioDetails': {'source': 'Valorum'}, 'caseDensity': 80.16251127285315, 'contactTracerCapacityRatio': None, 'infectionRate': 1.10023387754, 'infectionRateCI90': 0.17568247078999902, 'icuHeadroomRatio': 0.24791373652133103, 'icuHeadroomDetails': {'currentIcuCovid': 5, 'currentIcuCovidMethod': 'estimated', 'currentIcuNonCovid': 5, 'currentIcuNonCovidMethod': 'estimated_from_typical_utilization'}, 'icuCapacityRatio': None}","{'overall': 5, 'testPositivityRatio': 2, 'caseDensity': 5, 'contactTracerCapacityRatio': 4, 'infectionRate': 2, 'icuHeadroomRatio': 0, 'icuCapacityRatio': 4}","{'cases': 3549, 'deaths': 66, 'positiveTests': 3549, 'negativeTests': 117294, 'contactTracers': None, 'hospitalBeds': {'capacity': 384, 'currentUsageTotal': None, 'currentUsageCovid': None, 'typicalUsageRate': 0.45}, 'icuBeds': {'capacity': 27, 'currentUsageTotal': None, 'currentUsageCovid': None, 'typicalUsageRate': 0.42}, 'newCases': 92}",2021-01-04,https://covidactnow.org/us/new_york-ny/county/ontario_county
2018,36071,USA,NY,Orange County,county,0.0,iso1:us#iso2:us-ny#fips:36071,0.0,384940,"{'testPositivityRatio': 0.10519451060451401, 'testPositivityRatioDetails': {'source': 'Valorum'}, 'caseDensity': 68.84189743856184, 'contactTracerCapacityRatio': None, 'infectionRate': 1.08688156972, 'infectionRateCI90': 0.099999999999999, 'icuHeadroomRatio': 0.335166880616174, 'icuHeadroomDetails': {'currentIcuCovid': 20, 'currentIcuCovidMethod': 'estimated', 'currentIcuNonCovid': 13, 'currentIcuNonCovidMethod': 'estimated_from_typical_utilization'}, 'icuCapacityRatio': None}","{'overall': 3, 'testPositivityRatio': 2, 'caseDensity': 3, 'contactTracerCapacityRatio': 4, 'infectionRate': 1, 'icuHeadroomRatio': 0, 'icuCapacityRatio': 4}","{'cases': 24212, 'deaths': 518, 'positiveTests': 24197, 'negativeTests': 363048, 'contactTracers': None, 'hospitalBeds': {'capacity': 1218, 'currentUsageTotal': None, 'currentUsageCovid': None, 'typicalUsageRate': 0.77}, 'icuBeds': {'capacity': 76, 'currentUsageTotal': None, 'currentUsageCovid': None, 'typicalUsageRate': 0.39}, 'newCases': 164}",2021-01-04,https://covidactnow.org/us/new_york-ny/county/orange_county
2019,36073,USA,NY,Orleans County,county,0.0,iso1:us#iso2:us-ny#fips:36073,0.0,40352,"{'testPositivityRatio': 0.09328358208955201, 'testPositivityRatioDetails': {'source': 'Valorum'}, 'caseDensity': 70.8054831766172, 'contactTracerCapacityRatio': None, 'infectionRate': 1.04126502281, 'infectionRateCI90': 0.28834476456, 'icuHeadroomRatio': None, 'icuHeadroomDetails': {'currentIcuCovid': 1, 'currentIcuCovidMethod': 'estimated', 'currentIcuNonCovid': 0, 'currentIcuNonCovidMethod': 'estimated_from_typical_utilization'}, 'icuCapacityRatio': None}","{'overall': 3, 'testPositivityRatio': 1, 'caseDensity': 3, 'contactTracerCapacityRatio': 4, 'infectionRate': 1, 'icuHeadroomRatio': 4, 'icuCapacityRatio': 4}","{'cases': 1441, 'deaths': 64, 'positiveTests': 1441, 'negativeTests': 34891, 'contactTracers': None, 'hospitalBeds': {'capacity': 39, 'currentUsageTotal': None, 'currentUsageCovid': None, 'typicalUsageRate': 0.30000000000000004}, 'icuBeds': {'capacity': 0, 'currentUsageTotal': None, 'currentUsageCovid': None, 'typicalUsageRate': None}, 'newCases': 19}",2021-01-04,https://covidactnow.org/us/new_york-ny/county/orleans_county
2020,36075,USA,NY,Oswego County,county,0.0,iso1:us#iso2:us-ny#fips:36075,0.0,117124,"{'testPositivityRatio': 0.09197235513024901, 'testPositivityRatioDetails': {'source': 'Valorum'}, 'caseDensity': 63.30287314543316, 'contactTracerCapacityRatio': None, 'infectionRate': 1.10001372948, 'infectionRateCI90': 0.19458255062000002, 'icuHeadroomRatio': 2.055548780487805, 'icuHeadroomDetails': {'currentIcuCovid': 6, 'currentIcuCovidMethod': 'estimated', 'currentIcuNonCovid': 4, 'currentIcuNonCovidMethod': 'estimated_from_typical_utilization'}, 'icuCapacityRatio': None}","{'overall': 3, 'testPositivityRatio': 1, 'caseDensity': 3, 'contactTracerCapacityRatio': 4, 'infectionRate': 2, 'icuHeadroomRatio': 3, 'icuCapacityRatio': 4}","{'cases': 3658, 'deaths': 42, 'positiveTests': 3658, 'negativeTests': 116724, 'contactTracers': None, 'hospitalBeds': {'capacity': 164, 'currentUsageTotal': None, 'currentUsageCovid': None, 'typicalUsageRate': 0.29}, 'icuBeds': {'capacity': 8, 'currentUsageTotal': None, 'currentUsageCovid': None, 'typicalUsageRate': 0.8}, 'newCases': 72}",2021-01-04,https://covidactnow.org/us/new_york-ny/county/oswego_county
2021,36077,USA,NY,Otsego County,county,0.0,iso1:us#iso2:us-ny#fips:36077,0.0,59493,"{'testPositivityRatio': 0.058774489370571004, 'testPositivityRatioDetails': {'source': 'Valorum'}, 'caseDensity': 33.857524654761306, 'contactTracerCapacityRatio': None, 'infectionRate': 0.983104018397, 'infectionRateCI90': 0.369368537342999, 'icuHeadroomRatio': 0.28328571428571403, 'icuHeadroomDetails': {'currentIcuCovid': 1, 'currentIcuCovidMethod': 'estimated', 'currentIcuNonCovid': 7, 'currentIcuNonCovidMethod': 'estimated_from_typical_utilization'}, 'icuCapacityRatio': None}","{'overall': 3, 'testPositivityRatio': 1, 'caseDensity': 3, 'contactTracerCapacityRatio': 4, 'infectionRate': 1, 'icuHeadroomRatio': 0, 'icuCapacityRatio': 4}","{'cases': 1266, 'deaths': 16, 'positiveTests': 1266, 'negativeTests': 60653, 'contactTracers': None, 'hospitalBeds': {'capacity': 240, 'currentUsageTotal': None, 'currentUsageCovid': None, 'typicalUsageRate': 0.65}, 'icuBeds': {'capacity': 14, 'currentUsageTotal': None, 'currentUsageCovid': None, 'typicalUsageRate': 0.71}, 'newCases': 15}",2021-01-04,https://covidactnow.org/us/new_york-ny/county/otsego_county
2022,36079,USA,NY,Putnam County,county,0.0,iso1:us#iso2:us-ny#fips:36079,0.0,98320,"{'testPositivityRatio': 0.09402416818407501, 'testPositivityRatioDetails': {'source': 'Valorum'}, 'caseDensity': 82.52935022666512, 'contactTracerCapacityRatio': None, 'infectionRate': 1.111967829779999, 'infectionRateCI90': 0.19083075894, 'icuHeadroomRatio': 0.6918878504672891, 'icuHeadroomDetails': {'currentIcuCovid': 7, 'currentIcuCovidMethod': 'estimated', 'currentIcuNonCovid': 0, 'currentIcuNonCovidMethod': 'estimated_from_typical_utilization'}, 'icuCapacityRatio': None}","{'overall': 5, 'testPositivityRatio': 1, 'caseDensity': 5, 'contactTracerCapacityRatio': 4, 'infectionRate': 2, 'icuHeadroomRatio': 2, 'icuCapacityRatio': 4}","{'cases': 5084, 'deaths': 67, 'positiveTests': 5084, 'negativeTests': 107003, 'contactTracers': None, 'hospitalBeds': {'capacity': 184, 'currentUsageTotal': None, 'currentUsageCovid': None, 'typicalUsageRate': 0.45}, 'icuBeds': {'capacity': 10, 'currentUsageTotal': None, 'currentUsageCovid': None, 'typicalUsageRate': 0.14}, 'newCases': 59}",2021-01-04,https://covidactnow.org/us/new_york-ny/county/putnam_county
2023,36081,USA,NY,Queens County,county,0.0,iso1:us#iso2:us-ny#fips:36081,0.0,2253858,"{'testPositivityRatio': 0.06826464509249701, 'testPositivityRatioDetails': {'source': 'Valorum'}, 'caseDensity': 56.74714201160854, 'contactTracerCapacityRatio': None, 'infectionRate': 1.08162846282, 'infectionRateCI90': 0.099999999999999, 'icuHeadroomRatio': 0.9917425327895951, 'icuHeadroomDetails': {'currentIcuCovid': 89, 'currentIcuCovidMethod': 'estimated', 'currentIcuNonCovid': 120, 'currentIcuNonCovidMethod': 'estimated_from_typical_utilization'}, 'icuCapacityRatio': None}","{'overall': 3, 'testPositivityRatio': 1, 'caseDensity': 3, 'contactTracerCapacityRatio': 4, 'infectionRate': 1, 'icuHeadroomRatio': 3, 'icuCapacityRatio': 4}","{'cases': 123533, 'deaths': 7558, 'positiveTests': 127743, 'negativeTests': 2573426, 'contactTracers': None, 'hospitalBeds': {'capacity': 4750, 'currentUsageTotal': None, 'currentUsageCovid': None, 'typicalUsageRate': 0.8300000000000001}, 'icuBeds': {'capacity': 211, 'currentUsageTotal': None, 'currentUsageCovid': None, 'typicalUsageRate': 0.78}, 'newCases': 1752}",2021-01-04,0
2024,36083,USA,NY,Rensselaer County,county,0.0,iso1:us#iso2:us-ny#fips:36083,0.0,158714,"{'testPositivityRatio': 0.10886657796056601, 'testPositivityRatioDetails': {'source': 'Valorum'}, 'caseDensity': 81.00824663950792, 'contactTracerCapacityRatio': None, 'infectionRate': 1.1574428968000001, 'infectionRateCI90': 0.138896446629999, 'icuHeadroomRatio': 0.244814814814814, 'icuHeadroomDetails': {'currentIcuCovid': 5, 'currentIcuCovidMethod': 'estimated', 'currentIcuNonCovid': 0, 'currentIcuNonCovidMethod': 'estimated_from_typical_utilization'}, 'icuCapacityRatio': None}","{'overall': 5, 'testPositivityRatio': 2, 'caseDensity': 5, 'contactTracerCapacityRatio': 4, 'infectionRate': 2, 'icuHeadroomRatio': 0, 'icuCapacityRatio': 4}","{'cases': 4724, 'deaths': 85, 'positiveTests': 4724, 'negativeTests': 190076, 'contactTracers': None, 'hospitalBeds': {'capacity': 292, 'currentUsageTotal': None, 'currentUsageCovid': None, 'typicalUsageRate': 0.55}, 'icuBeds': {'capacity': 24, 'currentUsageTotal': None, 'currentUsageCovid': None, 'typicalUsageRate': 0.22}, 'newCases': 149}",2021-01-04,https://covidactnow.org/us/new_york-ny/county/rensselaer_county
2025,36085,USA,NY,Richmond County,county,0.0,iso1:us#iso2:us-ny#fips:36085,0.0,476143,"{'testPositivityRatio': 0.07016540458923301, 'testPositivityRatioDetails': {'source': 'Valorum'}, 'caseDensity': 87.7887525386281, 'contactTracerCapacityRatio': None, 'infectionRate': 1.05965801789, 'infectionRateCI90': 0.1, 'icuHeadroomRatio': 0.9429117933723191, 'icuHeadroomDetails': {'currentIcuCovid': 38, 'currentIcuCovidMethod': 'estimated', 'currentIcuNonCovid': 72, 'currentIcuNonCovidMethod': 'estimated_from_typical_utilization'}, 'icuCapacityRatio': None}","{'overall': 5, 'testPositivityRatio': 1, 'caseDensity': 5, 'contactTracerCapacityRatio': 4, 'infectionRate': 1, 'icuHeadroomRatio': 3, 'icuCapacityRatio': 4}","{'cases': 34998, 'deaths': 1278, 'positiveTests': 36419, 'negativeTests': 688860, 'contactTracers': None, 'hospitalBeds': {'capacity': 1479, 'currentUsageTotal': None, 'currentUsageCovid': None, 'typicalUsageRate': 0.88}, 'icuBeds': {'capacity': 114, 'currentUsageTotal': None, 'currentUsageCovid': None, 'typicalUsageRate': 0.85}, 'newCases': 596}",2021-01-04,0
2026,36087,USA,NY,Rockland County,county,0.0,iso1:us#iso2:us-ny#fips:36087,0.0,325789,"{'testPositivityRatio': 0.080652515324991, 'testPositivityRatioDetails': {'source': 'Valorum'}, 'caseDensity': 69.80854830229731, 'contactTracerCapacityRatio': None, 'infectionRate': 1.07105796378, 'infectionRateCI90': 0.10323838359000001, 'icuHeadroomRatio': 1.08324414715719, 'icuHeadroomDetails': {'currentIcuCovid': 19, 'currentIcuCovidMethod': 'estimated', 'currentIcuNonCovid': 21, 'currentIcuNonCovidMethod': 'estimated_from_typical_utilization'}, 'icuCapacityRatio': None}","{'overall': 3, 'testPositivityRatio': 1, 'caseDensity': 3, 'contactTracerCapacityRatio': 4, 'infectionRate': 1, 'icuHeadroomRatio': 3, 'icuCapacityRatio': 4}","{'cases': 28162, 'deaths': 591, 'positiveTests': 28162, 'negativeTests': 409946, 'contactTracers': None, 'hospitalBeds': {'capacity': 832, 'currentUsageTotal': None, 'currentUsageCovid': None, 'typicalUsageRate': 0.7000000000000001}, 'icuBeds': {'capacity': 39, 'currentUsageTotal': None, 'currentUsageCovid': None, 'typicalUsageRate': None}, 'newCases': 151}",2021-01-04,https://covidactnow.org/us/new_york-ny/county/rockland_county
2027,36089,USA,NY,St. Lawrence County,county,0.0,iso1:us#iso2:us-ny#fips:36089,0.0,107740,"{'testPositivityRatio': 0.10344062153163101, 'testPositivityRatioDetails': {'source': 'Valorum'}, 'caseDensity': 61.78896284706569, 'contactTracerCapacityRatio': None, 'infectionRate': 1.20662416713, 'infectionRateCI90': 0.21133885268000002, 'icuHeadroomRatio': 0.23427848101265802, 'icuHeadroomDetails': {'currentIcuCovid': 3, 'currentIcuCovidMethod': 'estimated', 'currentIcuNonCovid': 4, 'currentIcuNonCovidMethod': 'estimated_from_typical_utilization'}, 'icuCapacityRatio': None}","{'overall': 3, 'testPositivityRatio': 2, 'caseDensity': 3, 'contactTracerCapacityRatio': 4, 'infectionRate': 2, 'icuHeadroomRatio': 0, 'icuCapacityRatio': 4}","{'cases': 2343, 'deaths': 45, 'positiveTests': 2343, 'negativeTests': 142729, 'contactTracers': None, 'hospitalBeds': {'capacity': 304, 'currentUsageTotal': None, 'currentUsageCovid': None, 'typicalUsageRate': 0.51}, 'icuBeds': {'capacity': 20, 'currentUsageTotal': None, 'currentUsageCovid': None, 'typicalUsageRate': 0.42}, 'newCases': 90}",2021-01-04,https://covidactnow.org/us/new_york-ny/county/st_lawrence_county
2028,36091,USA,NY,Saratoga County,county,0.0,iso1:us#iso2:us-ny#fips:36091,0.0,229863,"{'testPositivityRatio': 0.10958183571491101, 'testPositivityRatioDetails': {'source': 'Valorum'}, 'caseDensity': 77.68602540270882, 'contactTracerCapacityRatio': None, 'infectionRate': 1.19138766389, 'infectionRateCI90': 0.12824288916, 'icuHeadroomRatio': 0.922677345537757, 'icuHeadroomDetails': {'currentIcuCovid': 8, 'currentIcuCovidMethod': 'estimated', 'currentIcuNonCovid': 10, 'currentIcuNonCovidMethod': 'estimated_from_typical_utilization'}, 'icuCapacityRatio': None}","{'overall': 5, 'testPositivityRatio': 2, 'caseDensity': 5, 'contactTracerCapacityRatio': 4, 'infectionRate': 2, 'icuHeadroomRatio': 3, 'icuCapacityRatio': 4}","{'cases': 6243, 'deaths': 48, 'positiveTests': 6243, 'negativeTests': 233346, 'contactTracers': None, 'hospitalBeds': {'capacity': 259, 'currentUsageTotal': None, 'currentUsageCovid': None, 'typicalUsageRate': 0.88}, 'icuBeds': {'capacity': 19, 'currentUsageTotal': None, 'currentUsageCovid': None, 'typicalUsageRate': None}, 'newCases': 183}",2021-01-04,https://covidactnow.org/us/new_york-ny/county/saratoga_county
2029,36093,USA,NY,Schenectady County,county,0.0,iso1:us#iso2:us-ny#fips:36093,0.0,155299,"{'testPositivityRatio': 0.10794907456938001, 'testPositivityRatioDetails': {'source': 'Valorum'}, 'caseDensity': 92.8163459795988, 'contactTracerCapacityRatio': None, 'infectionRate': 1.09447144879, 'infectionRateCI90': 0.12727504398, 'icuHeadroomRatio': 0.6281432748538011, 'icuHeadroomDetails': {'currentIcuCovid': 8, 'currentIcuCovidMethod': 'estimated', 'currentIcuNonCovid': 22, 'currentIcuNonCovidMethod': 'estimated_from_typical_utilization'}, 'icuCapacityRatio': None}","{'overall': 5, 'testPositivityRatio': 2, 'caseDensity': 5, 'contactTracerCapacityRatio': 4, 'infectionRate': 1, 'icuHeadroomRatio': 2, 'icuCapacityRatio': 4}","{'cases': 6369, 'deaths': 88, 'positiveTests': 6369, 'negativeTests': 189479, 'contactTracers': None, 'hospitalBeds': {'capacity': 538, 'currentUsageTotal': None, 'currentUsageCovid': None, 'typicalUsageRate': 0.75}, 'icuBeds': {'capacity': 36, 'currentUsageTotal': None, 'currentUsageCovid': None, 'typicalUsageRate': 0.8300000000000001}, 'newCases': 140}",2021-01-04,https://covidactnow.org/us/new_york-ny/county/schenectady_county
2030,36095,USA,NY,Schoharie County,county,0.0,iso1:us#iso2:us-ny#fips:36095,0.0,30999,"{'testPositivityRatio': 0.11182795698924701, 'testPositivityRatioDetails': {'source': 'Valorum'}, 'caseDensity': 47.92781333960082, 'contactTracerCapacityRatio': None, 'infectionRate': 0.982718987343, 'infectionRateCI90': 0.45109032037700003, 'icuHeadroomRatio': None, 'icuHeadroomDetails': {'currentIcuCovid': 0, 'currentIcuCovidMethod': 'estimated', 'currentIcuNonCovid': 0, 'currentIcuNonCovidMethod': 'estimated_from_typical_utilization'}, 'icuCapacityRatio': None}","{'overall': 3, 'testPositivityRatio': 2, 'caseDensity': 3, 'contactTracerCapacityRatio': 4, 'infectionRate': 1, 'icuHeadroomRatio': 4, 'icuCapacityRatio': 4}","{'cases': 611, 'deaths': 5, 'positiveTests': 611, 'negativeTests': 25422, 'contactTracers': None, 'hospitalBeds': {'capacity': 40, 'currentUsageTotal': None, 'currentUsageCovid': None, 'typicalUsageRate': 0.27}, 'icuBeds': {'capacity': 0, 'currentUsageTotal': None, 'currentUsageCovid': None, 'typicalUsageRate': None}, 'newCases': 22}",2021-01-04,https://covidactnow.org/us/new_york-ny/county/schoharie_county
2031,36097,USA,NY,Schuyler County,county,0.0,iso1:us#iso2:us-ny#fips:36097,0.0,17807,"{'testPositivityRatio': 0.068041237113402, 'testPositivityRatioDetails': {'source': 'Valorum'}, 'caseDensity': 52.94867989313994, 'contactTracerCapacityRatio': None, 'infectionRate': 0.932207906099, 'infectionRateCI90': 0.567375139330999, 'icuHeadroomRatio': None, 'icuHeadroomDetails': {'currentIcuCovid': 0, 'currentIcuCovidMethod': 'estimated', 'currentIcuNonCovid': 0, 'currentIcuNonCovidMethod': 'estimated_from_typical_utilization'}, 'icuCapacityRatio': None}","{'overall': 3, 'testPositivityRatio': 1, 'caseDensity': 3, 'contactTracerCapacityRatio': 4, 'infectionRate': 1, 'icuHeadroomRatio': 4, 'icuCapacityRatio': 4}","{'cases': 557, 'deaths': 10, 'positiveTests': 557, 'negativeTests': 22648, 'contactTracers': None, 'hospitalBeds': {'capacity': 25, 'currentUsageTotal': None, 'currentUsageCovid': None, 'typicalUsageRate': 0.39}, 'icuBeds': {'capacity': 0, 'currentUsageTotal': None, 'currentUsageCovid': None, 'typicalUsageRate': None}, 'newCases': 0}",2021-01-04,https://covidactnow.org/us/new_york-ny/county/schuyler_county
2032,36099,USA,NY,Seneca County,county,0.0,iso1:us#iso2:us-ny#fips:36099,0.0,34016,"{'testPositivityRatio': 0.10355392156862701, 'testPositivityRatioDetails': {'source': 'Valorum'}, 'caseDensity': 70.97500335976346, 'contactTracerCapacityRatio': None, 'infectionRate': 1.109969151289999, 'infectionRateCI90': 0.354659926, 'icuHeadroomRatio': None, 'icuHeadroomDetails': None, 'icuCapacityRatio': None}","{'overall': 3, 'testPositivityRatio': 2, 'caseDensity': 3, 'contactTracerCapacityRatio': 4, 'infectionRate': 2, 'icuHeadroomRatio': 4, 'icuCapacityRatio': 4}","{'cases': 874, 'deaths': 36, 'positiveTests': 874, 'negativeTests': 32660, 'contactTracers': None, 'hospitalBeds': {'capacity': None, 'currentUsageTotal': None, 'currentUsageCovid': None, 'typicalUsageRate': None}, 'icuBeds': {'capacity': None, 'currentUsageTotal': None, 'currentUsageCovid': None, 'typicalUsageRate': None}, 'newCases': 23}",2021-01-04,https://covidactnow.org/us/new_york-ny/county/seneca_county
2033,36101,USA,NY,Steuben County,county,0.0,iso1:us#iso2:us-ny#fips:36101,0.0,95379,"{'testPositivityRatio': 0.08560621142743301, 'testPositivityRatioDetails': {'source': 'Valorum'}, 'caseDensity': 64.40471322678098, 'contactTracerCapacityRatio': None, 'infectionRate': 1.04047277943, 'infectionRateCI90': 0.18816148243000003, 'icuHeadroomRatio': 0.8879104477611941, 'icuHeadroomDetails': {'currentIcuCovid': 4, 'currentIcuCovidMethod': 'estimated', 'currentIcuNonCovid': 2, 'currentIcuNonCovidMethod': 'estimated_from_typical_utilization'}, 'icuCapacityRatio': None}","{'overall': 3, 'testPositivityRatio': 1, 'caseDensity': 3, 'contactTracerCapacityRatio': 4, 'infectionRate': 1, 'icuHeadroomRatio': 3, 'icuCapacityRatio': 4}","{'cases': 3589, 'deaths': 124, 'positiveTests': 3589, 'negativeTests': 104309, 'contactTracers': None, 'hospitalBeds': {'capacity': 115, 'currentUsageTotal': None, 'currentUsageCovid': None, 'typicalUsageRate': 0.54}, 'icuBeds': {'capacity': 8, 'currentUsageTotal': None, 'currentUsageCovid': None, 'typicalUsageRate': 0.54}, 'newCases': 62}",2021-01-04,https://covidactnow.org/us/new_york-ny/county/steuben_county
2034,36103,USA,NY,Suffolk County,county,0.0,iso1:us#iso2:us-ny#fips:36103,0.0,1476601,"{'testPositivityRatio': 0.101330239187238, 'testPositivityRatioDetails': {'source': 'Valorum'}, 'caseDensity': 107.30241760831608, 'contactTracerCapacityRatio': None, 'infectionRate': 1.12896470173, 'infectionRateCI90': 0.099999999999999, 'icuHeadroomRatio': 0.884382929642445, 'icuHeadroomDetails': {'currentIcuCovid': 99, 'currentIcuCovidMethod': 'estimated', 'currentIcuNonCovid': 176, 'currentIcuNonCovidMethod': 'estimated_from_typical_utilization'}, 'icuCapacityRatio': None}","{'overall': 5, 'testPositivityRatio': 2, 'caseDensity': 5, 'contactTracerCapacityRatio': 4, 'infectionRate': 2, 'icuHeadroomRatio': 3, 'icuCapacityRatio': 4}","{'cases': 101233, 'deaths': 2341, 'positiveTests': 101233, 'negativeTests': 1893801, 'contactTracers': None, 'hospitalBeds': {'capacity': 3500, 'currentUsageTotal': None, 'currentUsageCovid': None, 'typicalUsageRate': 0.79}, 'icuBeds': {'capacity': 289, 'currentUsageTotal': None, 'currentUsageCovid': None, 'typicalUsageRate': 0.8200000000000001}, 'newCases': 1516}",2021-01-04,https://covidactnow.org/us/new_york-ny/county/suffolk_county
2035,36105,USA,NY,Sullivan County,county,0.0,iso1:us#iso2:us-ny#fips:36105,0.0,75432,"{'testPositivityRatio': 0.09777925091150101, 'testPositivityRatioDetails': {'source': 'Valorum'}, 'caseDensity': 55.868672636092306, 'contactTracerCapacityRatio': None, 'infectionRate': 1.08588422748, 'infectionRateCI90': 0.23040206897999901, 'icuHeadroomRatio': 0.48856521739130404, 'icuHeadroomDetails': {'currentIcuCovid': 2, 'currentIcuCovidMethod': 'estimated', 'currentIcuNonCovid': 5, 'currentIcuNonCovidMethod': 'estimated_from_typical_utilization'}, 'icuCapacityRatio': None}","{'overall': 3, 'testPositivityRatio': 1, 'caseDensity': 3, 'contactTracerCapacityRatio': 4, 'infectionRate': 1, 'icuHeadroomRatio': 0, 'icuCapacityRatio': 4}","{'cases': 3227, 'deaths': 41, 'positiveTests': 3227, 'negativeTests': 60764, 'contactTracers': None, 'hospitalBeds': {'capacity': 169, 'currentUsageTotal': None, 'currentUsageCovid': None, 'typicalUsageRate': 0.48}, 'icuBeds': {'capacity': 10, 'currentUsageTotal': None, 'currentUsageCovid': None, 'typicalUsageRate': None}, 'newCases': 9}",2021-01-04,https://covidactnow.org/us/new_york-ny/county/sullivan_county
2036,36107,USA,NY,Tioga County,county,0.0,iso1:us#iso2:us-ny#fips:36107,0.0,48203,"{'testPositivityRatio': 0.09407858328721601, 'testPositivityRatioDetails': {'source': 'Valorum'}, 'caseDensity': 50.382163528648185, 'contactTracerCapacityRatio': None, 'infectionRate': 1.10546273497, 'infectionRateCI90': 0.349797268259999, 'icuHeadroomRatio': None, 'icuHeadroomDetails': None, 'icuCapacityRatio': None}","{'overall': 3, 'testPositivityRatio': 1, 'caseDensity': 3, 'contactTracerCapacityRatio': 4, 'infectionRate': 2, 'icuHeadroomRatio': 4, 'icuCapacityRatio': 4}","{'cases': 1771, 'deaths': 54, 'positiveTests': 1771, 'negativeTests': 51579, 'contactTracers': None, 'hospitalBeds': {'capacity': None, 'currentUsageTotal': None, 'currentUsageCovid': None, 'typicalUsageRate': None}, 'icuBeds': {'capacity': None, 'currentUsageTotal': None, 'currentUsageCovid': None, 'typicalUsageRate': None}, 'newCases': 31}",2021-01-04,https://covidactnow.org/us/new_york-ny/county/tioga_county
2037,36109,USA,NY,Tompkins County,county,0.0,iso1:us#iso2:us-ny#fips:36109,0.0,102180,"{'testPositivityRatio': 0.01622513520946, 'testPositivityRatioDetails': {'source': 'Valorum'}, 'caseDensity': 24.74624612029192, 'contactTracerCapacityRatio': None, 'infectionRate': 0.925092120587, 'infectionRateCI90': 0.287143630793, 'icuHeadroomRatio': 0.30045454545454503, 'icuHeadroomDetails': {'currentIcuCovid': 3, 'currentIcuCovidMethod': 'estimated', 'currentIcuNonCovid': 3, 'currentIcuNonCovidMethod': 'estimated_from_typical_utilization'}, 'icuCapacityRatio': None}","{'overall': 2, 'testPositivityRatio': 0, 'caseDensity': 2, 'contactTracerCapacityRatio': 4, 'infectionRate': 1, 'icuHeadroomRatio': 0, 'icuCapacityRatio': 4}","{'cases': 2138, 'deaths': 15, 'positiveTests': 2138, 'negativeTests': 873023, 'contactTracers': None, 'hospitalBeds': {'capacity': 212, 'currentUsageTotal': None, 'currentUsageCovid': None, 'typicalUsageRate': 0.48}, 'icuBeds': {'capacity': 16, 'currentUsageTotal': None, 'currentUsageCovid': None, 'typicalUsageRate': 0.44}, 'newCases': 5}",2021-01-04,https://covidactnow.org/us/new_york-ny/county/tompkins_county
2038,36111,USA,NY,Ulster County,county,0.0,iso1:us#iso2:us-ny#fips:36111,0.0,177573,"{'testPositivityRatio': 0.07436285348539501, 'testPositivityRatioDetails': {'source': 'Valorum'}, 'caseDensity': 51.407429218245056, 'contactTracerCapacityRatio': None, 'infectionRate': 1.07505718386, 'infectionRateCI90': 0.16475318397999902, 'icuHeadroomRatio': 0.27437735849056605, 'icuHeadroomDetails': {'currentIcuCovid': 7, 'currentIcuCovidMethod': 'estimated', 'currentIcuNonCovid': -1, 'currentIcuNonCovidMethod': 'estimated_from_typical_utilization'}, 'icuCapacityRatio': None}","{'overall': 3, 'testPositivityRatio': 1, 'caseDensity': 3, 'contactTracerCapacityRatio': 4, 'infectionRate': 1, 'icuHeadroomRatio': 0, 'icuCapacityRatio': 4}","{'cases': 6019, 'deaths': 146, 'positiveTests': 6019, 'negativeTests': 200007, 'contactTracers': None, 'hospitalBeds': {'capacity': 325, 'currentUsageTotal': None, 'currentUsageCovid': None, 'typicalUsageRate': 0.51}, 'icuBeds': {'capacity': 25, 'currentUsageTotal': None, 'currentUsageCovid': None, 'typicalUsageRate': 0.15}, 'newCases': 84}",2021-01-04,https://covidactnow.org/us/new_york-ny/county/ulster_county
2039,36113,USA,NY,Warren County,county,0.0,iso1:us#iso2:us-ny#fips:36113,0.0,63944,"{'testPositivityRatio': 0.06870229007633501, 'testPositivityRatioDetails': {'source': 'Valorum'}, 'caseDensity': 64.34201354756841, 'contactTracerCapacityRatio': None, 'infectionRate': 1.3194101327899999, 'infectionRateCI90': 0.27009593496, 'icuHeadroomRatio': 0.057645348837209, 'icuHeadroomDetails': {'currentIcuCovid': 1, 'currentIcuCovidMethod': 'estimated', 'currentIcuNonCovid': 3, 'currentIcuNonCovidMethod': 'estimated_from_typical_utilization'}, 'icuCapacityRatio': None}","{'overall': 3, 'testPositivityRatio': 1, 'caseDensity': 3, 'contactTracerCapacityRatio': 4, 'infectionRate': 2, 'icuHeadroomRatio': 0, 'icuCapacityRatio': 4}","{'cases': 1337, 'deaths': 32, 'positiveTests': 1337, 'negativeTests': 66798, 'contactTracers': None, 'hospitalBeds': {'capacity': 391, 'currentUsageTotal': None, 'currentUsageCovid': None, 'typicalUsageRate': 0.38}, 'icuBeds': {'capacity': 24, 'currentUsageTotal': None, 'currentUsageCovid': None, 'typicalUsageRate': 0.35000000000000003}, 'newCases': 65}",2021-01-04,https://covidactnow.org/us/new_york-ny/county/warren_county
2040,36115,USA,NY,Washington County,county,0.0,iso1:us#iso2:us-ny#fips:36115,0.0,61204,"{'testPositivityRatio': 0.061403508771929, 'testPositivityRatioDetails': {'source': 'Valorum'}, 'caseDensity': 42.480883602378924, 'contactTracerCapacityRatio': None, 'infectionRate': 1.21983811842, 'infectionRateCI90': 0.38922452572, 'icuHeadroomRatio': None, 'icuHeadroomDetails': None, 'icuCapacityRatio': None}","{'overall': 3, 'testPositivityRatio': 1, 'caseDensity': 3, 'contactTracerCapacityRatio': 4, 'infectionRate': 2, 'icuHeadroomRatio': 4, 'icuCapacityRatio': 4}","{'cases': 931, 'deaths': 16, 'positiveTests': 931, 'negativeTests': 57037, 'contactTracers': None, 'hospitalBeds': {'capacity': None, 'currentUsageTotal': None, 'currentUsageCovid': None, 'typicalUsageRate': None}, 'icuBeds': {'capacity': None, 'currentUsageTotal': None, 'currentUsageCovid': None, 'typicalUsageRate': None}, 'newCases': 42}",2021-01-04,https://covidactnow.org/us/new_york-ny/county/washington_county
2041,36117,USA,NY,Wayne County,county,0.0,iso1:us#iso2:us-ny#fips:36117,0.0,89918,"{'testPositivityRatio': 0.09768009768009701, 'testPositivityRatioDetails': {'source': 'Valorum'}, 'caseDensity': 76.2599574850737, 'contactTracerCapacityRatio': None, 'infectionRate': 1.146634549629999, 'infectionRateCI90': 0.205058598659999, 'icuHeadroomRatio': 0.6693670886075951, 'icuHeadroomDetails': {'currentIcuCovid': 4, 'currentIcuCovidMethod': 'estimated', 'currentIcuNonCovid': 1, 'currentIcuNonCovidMethod': 'estimated_from_typical_utilization'}, 'icuCapacityRatio': None}","{'overall': 5, 'testPositivityRatio': 1, 'caseDensity': 5, 'contactTracerCapacityRatio': 4, 'infectionRate': 2, 'icuHeadroomRatio': 2, 'icuCapacityRatio': 4}","{'cases': 2768, 'deaths': 41, 'positiveTests': 2768, 'negativeTests': 95905, 'contactTracers': None, 'hospitalBeds': {'capacity': 120, 'currentUsageTotal': None, 'currentUsageCovid': None, 'typicalUsageRate': 0.53}, 'icuBeds': {'capacity': 8, 'currentUsageTotal': None, 'currentUsageCovid': None, 'typicalUsageRate': 0.42}, 'newCases': 68}",2021-01-04,https://covidactnow.org/us/new_york-ny/county/wayne_county
2042,36119,USA,NY,Westchester County,county,0.0,iso1:us#iso2:us-ny#fips:36119,0.0,967506,"{'testPositivityRatio': 0.075856041276061, 'testPositivityRatioDetails': {'source': 'Valorum'}, 'caseDensity': 79.4531802091445, 'contactTracerCapacityRatio': None, 'infectionRate': 1.093285373329999, 'infectionRateCI90': 0.1, 'icuHeadroomRatio': 0.427493889828915, 'icuHeadroomDetails': {'currentIcuCovid': 68, 'currentIcuCovidMethod': 'estimated', 'currentIcuNonCovid': 37, 'currentIcuNonCovidMethod': 'estimated_from_typical_utilization'}, 'icuCapacityRatio': None}","{'overall': 5, 'testPositivityRatio': 1, 'caseDensity': 5, 'contactTracerCapacityRatio': 4, 'infectionRate': 1, 'icuHeadroomRatio': 0, 'icuCapacityRatio': 4}","{'cases': 72217, 'deaths': 1681, 'positiveTests': 72218, 'negativeTests': 1379619, 'contactTracers': None, 'hospitalBeds': {'capacity': 3727, 'currentUsageTotal': None, 'currentUsageCovid': None, 'typicalUsageRate': 0.74}, 'icuBeds': {'capacity': 197, 'currentUsageTotal': None, 'currentUsageCovid': None, 'typicalUsageRate': 0.4}, 'newCases': 591}",2021-01-04,https://covidactnow.org/us/new_york-ny/county/westchester_county
2043,36121,USA,NY,Wyoming County,county,0.0,iso1:us#iso2:us-ny#fips:36121,0.0,39859,"{'testPositivityRatio': 0.14160206718346202, 'testPositivityRatioDetails': {'source': 'Valorum'}, 'caseDensity': 98.20330952321218, 'contactTracerCapacityRatio': None, 'infectionRate': 1.12189950182, 'infectionRateCI90': 0.275591642529999, 'icuHeadroomRatio': 0.5401720430107521, 'icuHeadroomDetails': {'currentIcuCovid': 2, 'currentIcuCovidMethod': 'estimated', 'currentIcuNonCovid': 0, 'currentIcuNonCovidMethod': 'estimated_from_typical_utilization'}, 'icuCapacityRatio': None}","{'overall': 5, 'testPositivityRatio': 2, 'caseDensity': 5, 'contactTracerCapacityRatio': 4, 'infectionRate': 2, 'icuHeadroomRatio': 1, 'icuCapacityRatio': 4}","{'cases': 1510, 'deaths': 25, 'positiveTests': 1510, 'negativeTests': 41454, 'contactTracers': None, 'hospitalBeds': {'capacity': 62, 'currentUsageTotal': None, 'currentUsageCovid': None, 'typicalUsageRate': 0.32}, 'icuBeds': {'capacity': 5, 'currentUsageTotal': None, 'currentUsageCovid': None, 'typicalUsageRate': 0.28}, 'newCases': 39}",2021-01-04,https://covidactnow.org/us/new_york-ny/county/wyoming_county
2044,36123,USA,NY,Yates County,county,0.0,iso1:us#iso2:us-ny#fips:36123,0.0,24913,"{'testPositivityRatio': 0.08879668049792501, 'testPositivityRatioDetails': {'source': 'Valorum'}, 'caseDensity': 61.35637733598638, 'contactTracerCapacityRatio': None, 'infectionRate': 1.14351065705, 'infectionRateCI90': 0.55755077803, 'icuHeadroomRatio': None, 'icuHeadroomDetails': {'currentIcuCovid': 0, 'currentIcuCovidMethod': 'estimated', 'currentIcuNonCovid': 0, 'currentIcuNonCovidMethod': 'estimated_from_typical_utilization'}, 'icuCapacityRatio': None}","{'overall': 3, 'testPositivityRatio': 1, 'caseDensity': 3, 'contactTracerCapacityRatio': 4, 'infectionRate': 2, 'icuHeadroomRatio': 4, 'icuCapacityRatio': 4}","{'cases': 557, 'deaths': 11, 'positiveTests': 557, 'negativeTests': 20702, 'contactTracers': None, 'hospitalBeds': {'capacity': 35, 'currentUsageTotal': None, 'currentUsageCovid': None, 'typicalUsageRate': 0.23}, 'icuBeds': {'capacity': 0, 'currentUsageTotal': None, 'currentUsageCovid': None, 'typicalUsageRate': None}, 'newCases': 18}",2021-01-04,https://covidactnow.org/us/new_york-ny/county/yates_county
